key;akd_rows;ct2_rows;akd_total;ct2_total;status
0000320383;1;4;141.93;567.72;ambiguo
0000320700;2;5;97054.48;94385.50;ambiguo
0000320733;2;2;20000.82;19842.92;ambiguo
0000320734;2;2;284802.38;282553.94;ambiguo
0000320735;2;2;7388.88;7330.54;ambiguo
0000320736;2;2;21111.12;20944.46;ambiguo
0000320737;2;2;7388.88;7330.54;ambiguo
0000320739;2;2;4466.90;4431.64;ambiguo
0000320740;2;2;23320.06;23135.96;ambiguo
0000320741;2;2;3409.36;3382.44;ambiguo
0000320742;2;2;16888.88;16755.54;ambiguo
0000320749;2;2;2595.40;2574.90;ambiguo
0000320750;2;2;3505.18;3477.50;ambiguo
0000320805;2;5;22865.76;22236.95;ambiguo
0000320806;2;5;3711.44;7054.71;ambiguo
0000320819;2;5;62570.20;60849.52;ambiguo
0000320824;2;5;141800.00;140736.50;ambiguo
0000320826;2;2;7622.00;7468.80;ambiguo
0000320829;2;5;7254.20;7054.72;ambiguo
0000320842;2;2;3390.00;3390.00;forte_grupo
0000320843;2;2;2950.00;2950.00;forte_grupo
0000320845;2;2;25675.34;25675.34;forte_grupo
0000320847;2;2;1260.00;1260.00;forte_grupo
0000320849;2;5;11744.52;11656.44;ambiguo
0000320864;2;5;50000.00;49625.00;ambiguo
0000320870;2;2;20000.82;19842.92;ambiguo
0000320871;2;2;9972.62;9473.98;ambiguo
0000320872;2;2;40006.80;39690.96;ambiguo
0000320873;2;2;100000.00;99210.52;ambiguo
0000320874;2;2;344044.06;341327.92;ambiguo
0000320875;2;2;300960.00;298584.00;ambiguo
0000320876;2;2;74358.18;73771.04;ambiguo
0000320877;2;2;81170.86;80530.04;ambiguo
0000320878;2;2;7388.88;7330.54;ambiguo
0000320879;2;2;5277.78;5236.12;ambiguo
0000320880;2;2;5277.78;5236.12;ambiguo
0000320884;2;2;4221.80;4188.46;ambiguo
0000320885;2;2;8952.80;8882.12;ambiguo
0000320886;2;2;1777.72;1763.68;ambiguo
0000320887;2;2;26800.02;26588.44;ambiguo
0000320888;2;2;92920.18;92186.60;ambiguo
0000320890;2;2;1211.44;1201.88;ambiguo
0000320891;2;2;65984.48;65463.54;ambiguo
0000320892;2;2;11621.54;11529.80;ambiguo
0000320895;2;2;14835.58;14718.46;ambiguo
0000320896;2;2;2465.44;2445.98;ambiguo
0000320897;2;2;4560.00;4524.00;ambiguo
0000320898;2;2;8240.68;8175.62;ambiguo
0000320899;2;2;9249.20;9176.18;ambiguo
0000320900;2;2;7078.40;7022.52;ambiguo
0000320901;2;2;4014.00;3982.30;ambiguo
0000320902;2;2;30320.20;30080.82;ambiguo
0000320905;2;2;5911.12;5864.46;ambiguo
0000320906;2;2;5911.12;5864.46;ambiguo
0000320907;2;2;5911.12;5864.46;ambiguo
0000320908;2;2;5911.12;5864.46;ambiguo
0000320909;2;2;4222.22;4188.88;ambiguo
0000320910;2;2;7362.50;7304.38;ambiguo
0000320911;2;2;2037.76;2021.68;ambiguo
0000320913;2;2;4500.74;4465.20;ambiguo
0000320914;2;2;5115.76;5075.38;ambiguo
0000320915;2;2;2456.70;2437.30;ambiguo
0000320916;2;2;19088.16;18937.46;ambiguo
0000320917;2;2;15860.26;15735.04;ambiguo
0000320918;2;2;20863.72;20699.00;ambiguo
0000320919;2;2;3690.48;3661.34;ambiguo
0000320920;2;2;2416.80;2397.72;ambiguo
0000320921;2;2;1752.76;1738.92;ambiguo
0000320922;2;2;1871.32;1856.54;ambiguo
0000320923;2;2;270184.86;268051.82;ambiguo
0000320924;2;2;2425.70;2406.56;ambiguo
0000320925;2;2;130924.66;129891.04;ambiguo
0000320926;2;2;21081.52;20915.08;ambiguo
0000320927;2;2;4222.22;4188.88;ambiguo
0000320938;2;5;58313.84;56710.21;ambiguo
0000320939;2;5;30176.62;29346.76;ambiguo
0000320941;2;5;63186.76;61449.12;ambiguo
0000320942;2;5;100104.10;97351.24;ambiguo
0000320944;2;5;19515.04;18392.92;ambiguo
0000320945;2;5;12556.52;12462.35;ambiguo
0000320948;2;2;424615.40;424615.40;forte_grupo
0000320950;2;2;14250.02;14137.52;ambiguo
0000320951;2;2;39520.00;38680.20;ambiguo
0000320952;2;5;108360.08;107547.38;ambiguo
0000320954;2;5;71378.82;70843.48;ambiguo
0000320955;2;5;2455.38;2436.96;ambiguo
0000320956;2;5;2713.60;2693.25;ambiguo
0000320957;2;2;7312.30;7024.20;ambiguo
0000320958;2;5;2455.38;2436.97;ambiguo
0000320961;2;5;162986.10;161763.70;ambiguo
0000320965;2;5;95653.00;553373.22;ambiguo
0000320968;2;2;7820.44;7820.44;forte_grupo
0000320974;2;2;7820.44;7820.44;forte_grupo
0000320975;2;2;165026.40;156775.08;ambiguo
0000320976;2;2;35000.00;33250.00;ambiguo
0000320977;2;2;47600.00;45220.00;ambiguo
0000320978;2;2;2988.22;2964.62;ambiguo
0000320979;2;2;1795.50;1781.32;ambiguo
0000320980;2;2;31666.68;31416.68;ambiguo
0000320981;2;2;7388.88;7330.54;ambiguo
0000320982;2;2;5277.78;5236.12;ambiguo
0000320983;2;2;5347.08;5304.86;ambiguo
0000320984;2;2;830.00;830.00;forte_grupo
0000320985;2;2;5623.06;5578.66;ambiguo
0000320986;2;2;25333.32;25133.32;ambiguo
0000320987;2;2;4222.22;4188.88;ambiguo
0000320988;2;2;5310.50;5268.58;ambiguo
0000320989;2;2;2069.10;2052.76;ambiguo
0000320990;2;2;5998.56;5978.08;ambiguo
0000320992;2;2;2257.20;2239.38;ambiguo
0000320993;2;2;3378.20;3351.52;ambiguo
0000320994;2;2;2490.00;2490.00;forte_grupo
0000320995;2;2;17195.00;17059.24;ambiguo
0000320996;2;2;1976.00;1972.20;ambiguo
0000320997;2;2;14400.00;14110.56;ambiguo
0000320998;2;2;2600.00;2595.00;ambiguo
0000321000;2;2;13166.40;13141.08;ambiguo
0000321001;2;2;53333.34;52912.28;ambiguo
0000321002;2;2;131856.50;130815.52;ambiguo
0000321003;2;2;274095.18;271931.28;ambiguo
0000321004;2;2;3221.32;3156.90;ambiguo
0000321005;2;2;478000.00;478000.00;forte_grupo
0000321006;2;2;30000.00;28500.00;ambiguo
0000321007;2;2;18000.00;18000.00;forte_grupo
0000321008;2;2;2015.52;1972.88;ambiguo
0000321009;2;2;1355.60;1355.60;forte_grupo
0000321010;2;5;56819.16;55256.64;ambiguo
0000321011;2;5;72865.76;70861.96;ambiguo
0000321012;2;5;58563.54;56953.03;ambiguo
0000321013;2;5;52874.08;51420.05;ambiguo
0000321014;2;5;206653.86;200970.88;ambiguo
0000321016;2;5;16839.56;16376.46;ambiguo
0000321017;2;2;20000.00;19000.00;ambiguo
0000321020;2;2;44025.38;44025.38;forte_grupo
0000321021;2;2;228592.00;217602.00;ambiguo
0000321022;2;2;114400.00;108900.00;ambiguo
0000321023;2;2;158298.84;158298.84;forte_grupo
0000321029;2;2;68577.60;65280.60;ambiguo
0000321036;2;2;22536.42;22536.42;forte_grupo
0000321038;2;2;154112.96;154112.96;forte_grupo
0000321039;2;2;152000.00;152000.00;forte_grupo
0000321041;2;2;15000.00;15000.00;forte_grupo
0000321042;2;2;6600.00;6600.00;forte_grupo
0000321044;2;5;6838.30;6650.25;ambiguo
0000321045;2;2;12584.68;12584.68;forte_grupo
0000321046;2;5;6838.30;6650.25;ambiguo
0000321047;2;2;315.18;315.18;forte_grupo
0000321049;2;5;80000.00;79400.00;ambiguo
0000321050;2;2;90241.84;90241.84;forte_grupo
0000321051;3;3;360.00;1900.00;ambiguo
0000321058;2;2;4878.28;4878.28;forte_grupo
0000321064;2;2;19219.20;18810.80;ambiguo
0000321065;2;2;56430.00;53608.50;ambiguo
0000321066;2;2;38001.90;37701.88;ambiguo
0000321067;2;2;248.00;248.00;forte_grupo
0000321068;2;2;1245.46;1235.62;ambiguo
0000321069;2;2;4232.26;4198.84;ambiguo
0000321070;2;5;2126.56;2009.61;ambiguo
0000321071;2;2;2450.58;2431.24;ambiguo
0000321072;2;2;60000.00;60000.00;forte_grupo
0000321073;2;5;1277212.24;1066472.22;ambiguo
0000321074;2;2;954.00;954.00;forte_grupo
0000321075;2;2;166379.20;161035.86;ambiguo
0000321076;2;5;31837.06;30961.54;ambiguo
0000321077;2;2;87500.00;87500.00;forte_grupo
0000321079;2;5;42550.52;41380.38;ambiguo
0000321080;2;2;74799.98;74799.98;forte_grupo
0000321081;2;5;738.90;718.58;ambiguo
0000321082;2;2;9596.00;9404.08;ambiguo
0000321083;2;2;39200.00;38416.00;ambiguo
0000321084;2;5;3018.40;2935.40;ambiguo
0000321085;2;2;7689.00;7689.00;forte_grupo
0000321086;2;5;592.06;575.79;ambiguo
0000321087;2;5;29421.12;28612.05;ambiguo
0000321088;2;5;20472.42;19909.45;ambiguo
0000321089;2;2;20790.72;20626.58;ambiguo
0000321090;2;5;216.00;6697.78;ambiguo
0000321091;2;5;31765.40;30891.87;ambiguo
0000321092;2;5;59876.18;58229.59;ambiguo
0000321093;2;2;232891.96;221247.36;ambiguo
0000321094;2;5;52867.76;51413.89;ambiguo
0000321095;2;5;52592.06;51145.79;ambiguo
0000321097;2;5;5759.60;5601.20;ambiguo
0000321098;2;2;409795.80;406560.56;ambiguo
0000321099;2;2;28000.00;28000.00;forte_grupo
0000321100;2;5;34975.92;34713.60;ambiguo
0000321101;2;5;2156.00;2096.72;ambiguo
0000321102;2;2;112000.00;112000.00;forte_grupo
0000321103;2;5;8624.00;8386.84;ambiguo
0000321104;2;5;6645.62;6462.86;ambiguo
0000321105;2;5;16960.62;16494.20;ambiguo
0000321106;2;2;128000.00;128000.00;forte_grupo
0000321107;2;5;9856.00;9584.96;ambiguo
0000321108;2;5;1050790.06;877409.71;ambiguo
0000321109;2;5;48199.90;46874.40;ambiguo
0000321110;2;5;16809.42;14876.33;ambiguo
0000321112;2;5;17120.36;15151.52;ambiguo
0000321114;2;5;38798.06;34336.29;ambiguo
0000321115;2;5;8622.00;8557.33;ambiguo
0000321116;2;5;18634.32;16491.38;ambiguo
0000321118;2;5;45111.30;43870.76;ambiguo
0000321122;2;5;23080.20;43870.73;ambiguo
0000321123;2;5;17554.20;17071.47;ambiguo
0000321124;2;5;145202.58;141209.50;ambiguo
0000321125;2;2;150000.06;148815.84;ambiguo
0000321126;2;5;71424.72;69460.54;ambiguo
0000321127;2;2;41613.22;41284.70;ambiguo
0000321129;2;2;14730.42;14614.12;ambiguo
0000321130;2;5;222180.00;220513.65;ambiguo
0000321131;2;2;3420.00;3393.00;ambiguo
0000321132;2;2;29588.10;29354.50;ambiguo
0000321133;2;2;116626.86;115706.12;ambiguo
0000321136;2;5;74485.78;73927.14;ambiguo
0000321137;2;5;44386.68;43166.05;ambiguo
0000321139;2;2;31403.62;31403.62;forte_grupo
0000321140;2;2;2816.00;2816.00;forte_grupo
0000321141;2;2;40687.52;40687.52;forte_grupo
0000321143;2;5;356182.34;346387.33;ambiguo
0000321145;2;2;60457.24;60457.24;forte_grupo
0000321146;2;2;79456.96;79456.96;forte_grupo
0000321147;2;2;42075.84;41234.32;ambiguo
0000321148;2;2;74346.14;74346.14;forte_grupo
0000321149;2;2;42720.20;42720.20;forte_grupo
0000321150;2;2;21425.00;21425.00;forte_grupo
0000321151;2;5;6597.20;6547.72;ambiguo
0000321153;2;5;18873.98;16698.16;ambiguo
0000321154;2;5;85050.42;82711.55;ambiguo
0000321156;2;5;65562.80;63759.83;ambiguo
0000321157;2;5;63384.10;61641.04;ambiguo
0000321160;2;5;49528.72;48166.68;ambiguo
0000321161;2;5;5579.56;5426.12;ambiguo
0000321162;2;5;96014.30;90493.47;ambiguo
0000321163;2;5;42359.26;39923.62;ambiguo
0000321164;2;5;23959.72;23300.83;ambiguo
0000321165;2;2;85100.00;85100.00;forte_grupo
0000321166;2;5;2252.92;2190.97;ambiguo
0000321167;2;5;154512.36;150263.29;ambiguo
0000321168;2;2;108787.36;108787.36;forte_grupo
0000321169;2;2;6900.00;6900.00;forte_grupo
0000321171;2;5;233415.00;226996.10;ambiguo
0000321172;2;5;277751.04;270112.89;ambiguo
0000321173;2;5;4291.40;4173.40;ambiguo
0000321174;2;5;155882.46;151595.70;ambiguo
0000321175;2;5;9850.30;9579.43;ambiguo
0000321176;2;5;2009.74;1954.48;ambiguo
0000321177;2;2;17250.00;17250.00;forte_grupo
0000321178;2;5;98468.42;95760.55;ambiguo
0000321179;2;5;83693.50;81391.92;ambiguo
0000321180;2;2;290931.10;290931.10;forte_grupo
0000321182;2;5;9821.52;9747.87;ambiguo
0000321183;2;5;2357.52;7921.86;ambiguo
0000321185;2;5;49533.54;48171.36;ambiguo
0000321186;2;5;300451.20;292188.80;ambiguo
0000321187;2;5;3433.60;3339.17;ambiguo
0000321188;2;5;8562.48;8327.02;ambiguo
0000321189;2;5;73101.30;71091.03;ambiguo
0000321190;2;5;1201.72;1168.68;ambiguo
0000321194;2;5;193.18;187.88;ambiguo
0000321195;2;5;12392.92;12052.12;ambiguo
0000321198;2;5;78547.56;76387.49;ambiguo
0000321201;2;5;4291.94;4173.91;ambiguo
0000321203;2;5;129424.06;125864.90;ambiguo
0000321204;2;5;21824.32;21224.16;ambiguo
0000321206;2;5;11874.66;11548.10;ambiguo
0000321207;2;5;720.00;714.60;ambiguo
0000321212;2;5;31632.32;30762.44;ambiguo
0000321213;2;2;24000.00;24000.00;forte_grupo
0000321214;2;2;13155.46;13155.46;forte_grupo
0000321217;2;2;58750.42;58750.42;forte_grupo
0000321218;2;2;5520.00;5520.00;forte_grupo
0000321219;2;5;1371.30;1361.02;ambiguo
0000321220;2;2;116568.00;116568.00;forte_grupo
0000321221;2;2;84222.00;84222.00;forte_grupo
0000321223;2;5;21600.00;21438.00;ambiguo
0000321232;2;5;122104.56;118746.68;ambiguo
0000321233;2;5;480670.10;467451.67;ambiguo
0000321234;2;5;46609.40;45327.66;ambiguo
0000321235;2;5;161289.84;156854.37;ambiguo
0000321236;2;5;44250.20;43033.33;ambiguo
0000321239;2;2;66046.00;66046.00;forte_grupo
0000321241;2;2;150206.00;150206.00;forte_grupo
0000321242;2;2;140676.00;140676.00;forte_grupo
0000321243;2;2;116352.00;116352.00;forte_grupo
0000321256;2;5;4292.80;4260.60;ambiguo
0000321262;2;2;12600.00;12600.00;forte_grupo
0000321269;3;4;4255937.04;5674582.72;ambiguo
0000321270;2;5;3932.50;21960.92;ambiguo
0000321271;2;2;7770.00;7770.00;forte_grupo
0000321272;2;2;123805.44;117615.16;ambiguo
0000321273;2;5;10482.44;10403.82;ambiguo
0000321278;2;5;558.32;554.14;ambiguo
0000321282;4;4;1294417.72;1294417.72;forte_grupo
0000321283;4;4;1634985.18;1634985.18;forte_grupo
0000321284;4;4;3380993.02;3380993.02;forte_grupo
0000321285;4;4;3592048.90;3592048.90;forte_grupo
0000321286;4;4;1534253.96;1534253.96;forte_grupo
0000321287;4;4;1587017.94;1587017.94;forte_grupo
0000321288;2;2;8000.00;8000.00;forte_grupo
0000321289;4;4;346593.80;346593.80;forte_grupo
0000321290;4;4;325375.36;325375.36;forte_grupo
0000321291;4;4;6326.34;6326.34;forte_grupo
0000321292;2;2;799915.78;759920.00;ambiguo
0000321294;2;2;174432.40;165710.78;ambiguo
0000321295;2;2;388951.62;369504.04;ambiguo
0000321296;2;2;34592.00;32862.40;ambiguo
0000321298;2;2;26200.00;26200.00;forte_grupo
0000321299;2;2;99493.94;94519.24;ambiguo
0000321303;2;2;40000.00;40000.00;forte_grupo
0000321304;2;5;351496.98;348860.75;ambiguo
0000321307;2;2;77113.40;1082404.40;ambiguo
0000321312;2;2;410000.00;389500.00;ambiguo
0000321313;2;5;37166.98;36609.48;ambiguo
0000321314;2;5;37166.98;36888.23;ambiguo
0000321315;2;5;16241.60;15997.98;ambiguo
0000321316;2;5;10080.00;9928.80;ambiguo
0000321317;2;5;10080.00;10004.40;ambiguo
0000321318;2;5;150010.00;147759.84;ambiguo
0000321319;2;5;150000.00;148875.00;ambiguo
0000321320;2;5;137630.76;135566.30;ambiguo
0000321321;2;5;16377.02;16131.36;ambiguo
0000321322;2;5;75920.00;74781.20;ambiguo
0000321323;2;5;25419.88;25038.58;ambiguo
0000321324;2;5;39718.30;39122.52;ambiguo
0000321325;2;5;24446.58;24079.88;ambiguo
0000321326;2;5;41993.04;41363.14;ambiguo
0000321327;2;5;148594.70;146365.78;ambiguo
0000321328;2;2;14200.00;14200.00;forte_grupo
0000321330;1;4;982.80;3931.20;ambiguo
0000321331;7;6;166862.96;200017.82;ambiguo
0000321332;2;2;35513.80;35513.80;forte_grupo
0000321334;3;4;5085.00;6780.00;ambiguo
0000321335;3;4;19733.19;26310.92;ambiguo
0000321336;3;7;31219.32;41469.66;ambiguo
0000321337;6;6;508968.36;627727.64;ambiguo
0000321338;3;4;38513.01;51350.68;ambiguo
0000321339;4;6;7050.51;26257.08;ambiguo
0000321340;3;5;17420.52;23205.02;ambiguo
0000321341;3;5;507723.72;674292.72;ambiguo
0000321342;3;5;338870.70;450044.06;ambiguo
0000321343;3;5;4894.02;6499.60;ambiguo
0000321344;3;5;2357.88;3131.42;ambiguo
0000321345;3;5;6173.67;8199.06;ambiguo
0000321346;3;5;5893.53;7827.02;ambiguo
0000321347;3;5;10537.89;13995.06;ambiguo
0000321348;2;2;18878.98;18878.98;forte_grupo
0000321349;3;5;12179.04;16174.62;ambiguo
0000321350;3;5;4900.86;6508.68;ambiguo
0000321351;3;5;8576.82;11390.62;ambiguo
0000321352;3;5;3099.39;4116.20;ambiguo
0000321353;3;5;3186.30;4231.62;ambiguo
0000321354;3;5;282389.97;375033.70;ambiguo
0000321355;3;5;17054.40;22649.44;ambiguo
0000321356;3;5;68217.60;90597.76;ambiguo
0000321357;3;5;113768.64;151092.74;ambiguo
0000321358;3;5;712030.50;945626.48;ambiguo
0000321359;3;5;23989.83;31860.18;ambiguo
0000321360;3;5;34226.40;45455.06;ambiguo
0000321361;3;5;8892.00;11809.20;ambiguo
0000321362;3;5;9685.44;12862.94;ambiguo
0000321363;3;5;4548.60;6040.86;ambiguo
0000321364;3;5;4149.60;5510.96;ambiguo
0000321365;3;5;3852.39;5116.24;ambiguo
0000321366;3;5;4078.35;5416.34;ambiguo
0000321367;3;7;44585.49;59224.39;ambiguo
0000321368;2;2;10268.76;10063.38;ambiguo
0000321369;3;5;142500.00;189250.00;ambiguo
0000321370;3;5;36000.00;47517.60;ambiguo
0000321371;3;5;36000.00;47517.60;ambiguo
0000321372;3;4;17100.00;22800.00;ambiguo
0000321373;3;5;250557.75;332758.28;ambiguo
0000321374;3;5;730409.40;970034.94;ambiguo
0000321375;3;5;295089.00;391898.90;ambiguo
0000321376;3;5;38694.75;51389.34;ambiguo
0000321377;3;5;273855.81;363699.74;ambiguo
0000321378;3;5;61200.00;80779.92;ambiguo
0000321379;3;4;2880.00;3840.00;ambiguo
0000321380;3;5;155831.52;205577.74;ambiguo
0000321381;3;5;18738.72;24720.70;ambiguo
0000321382;3;5;14788.80;19509.84;ambiguo
0000321394;10;6;419.64;489.98;ambiguo
0000321398;3;7;244479.15;324749.80;ambiguo
0000321399;3;7;4070.40;5406.86;ambiguo
0000321400;7;6;34947.71;41914.60;ambiguo
0000321401;10;8;1907241.99;2287030.58;ambiguo
0000321402;10;8;92696.84;111018.74;ambiguo
0000321403;10;8;68985.51;84677.42;ambiguo
0000321404;10;8;9288.92;11270.30;ambiguo
0000321405;10;8;9288.92;11270.30;ambiguo
0000321406;3;4;24000.00;32000.00;ambiguo
0000321407;3;5;18000.00;23400.00;ambiguo
0000321408;3;5;35700.00;46410.00;ambiguo
0000321409;3;4;2775.00;3700.00;ambiguo
0000321410;3;5;24273.60;31723.72;ambiguo
0000321411;3;4;473.04;630.72;ambiguo
0000321412;3;5;55224.00;71791.20;ambiguo
0000321413;3;5;118560.00;154128.00;ambiguo
0000321414;3;5;51000.00;66300.00;ambiguo
0000321415;3;5;420000.00;546000.00;ambiguo
0000321416;3;4;4860.00;6480.00;ambiguo
0000321418;3;4;6496.62;8662.16;ambiguo
0000321419;3;4;9900.00;13200.00;ambiguo
0000321428;3;4;16800.00;22400.00;ambiguo
0000321429;3;4;75600.00;100800.00;ambiguo
0000321430;3;4;28500.00;38000.00;ambiguo
0000321431;3;8;5821.20;7654.87;ambiguo
0000321432;3;8;194840.22;256214.91;ambiguo
0000321433;3;5;150000.00;198000.00;ambiguo
0000321434;3;8;11550.00;15188.26;ambiguo
0000321435;3;5;9000.00;11880.00;ambiguo
0000321436;3;8;693.00;911.29;ambiguo
0000321437;3;4;9137.55;12183.40;ambiguo
0000321438;3;4;49140.00;65520.00;ambiguo
0000321439;1;4;1048.66;4194.64;ambiguo
0000321440;3;8;3783.78;4975.66;ambiguo
0000321441;7;6;14365.15;17228.86;ambiguo
0000321442;3;4;18639.96;24853.28;ambiguo
0000321443;7;6;14365.15;17228.86;ambiguo
0000321444;5;14;52321.20;77266.43;ambiguo
0000321445;5;11;14707.54;36252.26;ambiguo
0000321446;7;6;28339.37;33988.86;ambiguo
0000321447;7;6;28339.37;33988.86;ambiguo
0000321448;3;4;22017.60;29356.80;ambiguo
0000321449;3;7;107068.23;142222.31;ambiguo
0000321450;3;7;162540.12;215907.46;ambiguo
0000321451;3;7;3683.07;4892.34;ambiguo
0000321452;3;7;3683.07;4892.35;ambiguo
0000321453;3;7;6044.04;8028.50;ambiguo
0000321454;7;6;17439.84;20916.50;ambiguo
0000321455;7;6;16362.32;20121.96;ambiguo
0000321456;7;6;47996.14;59024.38;ambiguo
0000321458;3;4;5115.24;6820.32;ambiguo
0000321459;3;8;276000.00;736000.00;ambiguo
0000321460;6;13;46170.00;168127.15;ambiguo
0000321461;7;6;319431.40;382849.12;ambiguo
0000321462;4;9;85780.00;142583.30;ambiguo
0000321463;3;5;3258.45;4301.16;ambiguo
0000321464;3;5;2139.63;2841.58;ambiguo
0000321465;3;5;9840.63;13069.04;ambiguo
0000321466;3;5;3757.89;4990.74;ambiguo
0000321467;3;5;113986.05;151381.48;ambiguo
0000321468;3;5;110063.52;146172.08;ambiguo
0000321470;3;4;480.00;640.00;ambiguo
0000321471;4;11;42130.90;75155.02;ambiguo
0000321472;10;8;34057.46;40698.10;ambiguo
0000321473;3;5;3569.40;4744.44;ambiguo
0000321474;3;8;309980.79;407624.75;ambiguo
0000321475;3;8;93691.44;123204.24;ambiguo
0000321476;3;5;8550.00;11355.00;ambiguo
0000321477;3;5;10581.48;14052.94;ambiguo
0000321478;3;5;11083.32;14719.42;ambiguo
0000321479;3;5;3322.53;4412.56;ambiguo
0000321480;3;5;18433.80;24481.38;ambiguo
0000321481;3;5;8866.68;11775.58;ambiguo
0000321482;3;5;746080.59;969904.76;ambiguo
0000321483;3;5;7550.07;10027.02;ambiguo
0000321484;3;5;1953013.80;2593880.30;ambiguo
0000321485;3;5;158374.50;210332.44;ambiguo
0000321486;3;5;634380.09;842501.28;ambiguo
0000321487;3;5;691530.42;918400.92;ambiguo
0000321488;3;5;10968.45;14327.72;ambiguo
0000321489;3;5;606389.94;805328.40;ambiguo
0000321490;3;5;318630.03;423163.04;ambiguo
0000321491;3;5;285000.00;378500.00;ambiguo
0000321492;3;4;1020000.00;1360000.00;ambiguo
0000321493;3;4;114000.00;152000.00;ambiguo
0000321494;3;5;577790.46;762644.88;ambiguo
0000321495;3;5;539700.00;701610.00;ambiguo
0000321496;3;5;96000.00;124800.00;ambiguo
0000321497;3;5;7500.00;9750.00;ambiguo
0000321498;3;5;64489.98;85647.22;ambiguo
0000321499;3;5;2891.55;3807.56;ambiguo
0000321500;3;5;268857.84;357062.08;ambiguo
0000321501;3;4;8160.00;10880.00;ambiguo
0000321502;3;5;170715.00;226721.50;ambiguo
0000321503;3;5;21375.00;28387.50;ambiguo
0000321504;3;5;3900.00;5195.00;ambiguo
0000321505;3;5;159216.54;212084.60;ambiguo
0000321509;1;4;991.40;3965.60;ambiguo
0000321514;1;4;850.00;3400.00;ambiguo
0000321518;1;4;1075.00;4300.00;ambiguo
0000321519;1;4;660.00;2640.00;ambiguo
0000321520;3;5;48000.00;62880.00;ambiguo
0000321522;3;4;2033.40;2711.20;ambiguo
0000321523;1;4;1600.00;6400.00;ambiguo
0000321525;3;7;23772.18;31577.38;ambiguo
0000321526;1;4;2928.20;11712.80;ambiguo
0000321527;2;2;668601.02;668601.02;forte_grupo
0000321528;3;4;22500.00;30000.00;ambiguo
0000321532;3;4;302481.21;403308.28;ambiguo
0000321533;3;8;85228.74;112075.80;ambiguo
0000321534;7;6;138663.75;170525.00;ambiguo
0000321535;3;4;31128.00;41504.00;ambiguo
0000321537;3;8;119823.87;157568.39;ambiguo
0000321538;3;6;137512.53;1114529.70;ambiguo
0000321540;1;4;1088.00;4352.00;ambiguo
0000321541;6;8;492374.43;3988652.62;ambiguo
0000321542;4;6;53801.29;367682.62;ambiguo
0000321543;4;6;44832.26;306387.58;ambiguo
0000321544;3;7;367500.00;488162.50;ambiguo
0000321545;7;6;2733.92;3359.90;ambiguo
0000321546;8;4;572759.26;739044.20;ambiguo
0000321547;1;4;1220.00;4880.00;ambiguo
0000321548;3;8;511840.23;673069.90;ambiguo
0000321549;3;7;554514.24;736579.75;ambiguo
0000321550;1;4;1105.00;4420.00;ambiguo
0000321551;3;4;22374641.28;29832855.04;ambiguo
0000321552;3;8;1722847.38;2265544.30;ambiguo
0000321553;3;4;13179000.00;17572000.00;ambiguo
0000321554;3;8;1014783.00;1334439.65;ambiguo
0000321555;3;4;879696.18;1172928.24;ambiguo
0000321556;3;8;67736.61;89073.65;ambiguo
0000321557;3;8;36791.76;48381.16;ambiguo
0000321558;3;4;1323420.00;1764560.00;ambiguo
0000321559;3;8;101903.34;134002.88;ambiguo
0000321560;3;4;2100000.00;2800000.00;ambiguo
0000321561;3;8;161700.00;212635.51;ambiguo
0000321562;3;4;95516.40;127355.20;ambiguo
0000321563;3;8;7354.77;9671.53;ambiguo
0000321564;3;4;30000.00;40000.00;ambiguo
0000321565;3;8;2310.00;3037.66;ambiguo
0000321566;3;5;44994.00;59392.08;ambiguo
0000321567;3;8;3464.55;4555.88;ambiguo
0000321568;3;5;5016.00;6621.12;ambiguo
0000321569;3;8;36853.20;48461.96;ambiguo
0000321570;3;8;39776.88;52306.61;ambiguo
0000321571;3;8;386.22;507.89;ambiguo
0000321572;3;4;652500.00;870000.00;ambiguo
0000321573;3;8;39555.75;52015.81;ambiguo
0000321574;3;8;50242.50;66068.89;ambiguo
0000321575;3;8;78512.64;103244.13;ambiguo
0000321576;3;5;12375.00;16335.00;ambiguo
0000321577;3;8;83302.62;109542.96;ambiguo
0000321578;3;8;952.89;1253.06;ambiguo
0000321579;3;8;69556.95;91467.40;ambiguo
0000321580;3;8;144205.95;189630.84;ambiguo
0000321581;3;8;38801.58;51024.07;ambiguo
0000321582;3;8;69014.13;90753.59;ambiguo
0000321583;3;8;82879.77;108986.90;ambiguo
0000321584;3;8;26758.89;35187.96;ambiguo
0000321585;3;8;72157.35;94886.91;ambiguo
0000321586;3;8;24127.56;31727.74;ambiguo
0000321587;3;8;148670.10;195501.19;ambiguo
0000321588;3;8;10484.85;13787.58;ambiguo
0000321589;3;5;58500.00;77220.00;ambiguo
0000321590;3;8;87923.82;115619.82;ambiguo
0000321592;3;8;42135.48;55408.17;ambiguo
0000321593;3;8;76719.12;100885.65;ambiguo
0000321594;3;8;58654.23;77130.31;ambiguo
0000321595;3;7;14820.00;19685.90;ambiguo
0000321596;3;7;25200.00;33474.00;ambiguo
0000321597;3;4;18900.00;25200.00;ambiguo
0000321600;3;4;19707.72;26276.96;ambiguo
0000321601;3;8;33419.22;43946.28;ambiguo
0000321602;3;8;62903.40;82717.97;ambiguo
0000321603;3;8;58136.40;76449.36;ambiguo
0000321604;3;4;49320.00;65760.00;ambiguo
0000321605;3;8;3797.64;4993.90;ambiguo
0000321606;3;4;4083.96;5445.28;ambiguo
0000321607;3;8;99662.40;131056.06;ambiguo
0000321608;8;17;374430.44;1110928.10;ambiguo
0000321609;3;7;437580.00;581252.10;ambiguo
0000321610;3;8;125079.12;164479.04;ambiguo
0000321611;6;5;1248555.75;1664471.00;ambiguo
0000321612;3;4;450000.00;600000.00;ambiguo
0000321614;1;7;4000.00;15940.00;ambiguo
0000321615;3;4;31128.00;41504.00;ambiguo
0000321616;3;4;434016.00;578688.00;ambiguo
0000321617;3;4;816927.27;1089236.36;ambiguo
0000321618;3;7;553500.00;735232.51;ambiguo
0000321619;3;7;89100.00;118354.50;ambiguo
0000321620;3;11;30375.00;80848.12;ambiguo
0000321621;1;4;1046.90;4187.60;ambiguo
0000321622;3;7;124740.00;165696.30;ambiguo
0000321623;3;7;111728.67;148412.92;ambiguo
0000321624;1;4;526.00;2104.00;ambiguo
0000321625;3;4;20760.00;27680.00;ambiguo
0000321626;1;8;65500.00;258397.50;ambiguo
0000321627;3;4;65520.00;87360.00;ambiguo
0000321628;3;7;120000.00;159400.00;ambiguo
0000321629;1;4;486.00;1944.00;ambiguo
0000321630;3;5;11433.00;15090.80;ambiguo
0000321631;3;8;110874.42;145799.87;ambiguo
0000321632;6;6;52671.54;70048.72;ambiguo
0000321633;3;7;18834.78;25018.87;ambiguo
0000321634;3;8;29272.56;37907.96;ambiguo
0000321636;7;6;146616.66;189014.40;ambiguo
0000321637;3;7;4320.24;5738.72;ambiguo
0000321638;3;7;55750.47;73776.46;ambiguo
0000321640;3;7;211167.84;280501.28;ambiguo
0000321641;3;7;15120.00;20008.80;ambiguo
0000321642;3;7;35165.49;46711.49;ambiguo
0000321644;3;7;23619.66;31374.78;ambiguo
0000321645;3;7;12933.00;17179.33;ambiguo
0000321646;3;4;4425.00;5900.00;ambiguo
0000321647;3;8;66375.30;87283.52;ambiguo
0000321648;3;8;84993.78;111766.81;ambiguo
0000321649;3;8;124642.14;163904.42;ambiguo
0000321650;3;8;25106.94;33015.63;ambiguo
0000321651;3;8;14163.51;18625.02;ambiguo
0000321652;3;8;10815.78;14222.75;ambiguo
0000321653;3;8;32736.51;43048.52;ambiguo
0000321655;3;8;7886.46;10370.70;ambiguo
0000321656;3;8;268874.52;353570.00;ambiguo
0000321657;3;8;84511.77;111132.98;ambiguo
0000321658;3;8;53467.20;70309.37;ambiguo
0000321659;3;8;59926.20;78802.95;ambiguo
0000321660;3;8;20279.91;26668.08;ambiguo
0000321661;3;8;40933.44;53827.48;ambiguo
0000321662;3;8;139690.68;183693.25;ambiguo
0000321663;3;8;83735.16;110111.74;ambiguo
0000321664;3;8;151375.62;199058.95;ambiguo
0000321665;3;8;371059.68;487943.49;ambiguo
0000321666;3;8;883167.36;1161365.09;ambiguo
0000321667;3;8;474569.01;624058.25;ambiguo
0000321668;3;8;34250.43;45039.32;ambiguo
0000321669;3;8;26331.30;34625.66;ambiguo
0000321670;3;8;10236.36;13460.83;ambiguo
0000321671;3;8;66375.30;87283.52;ambiguo
0000321672;3;8;16094.94;21164.86;ambiguo
0000321673;3;8;5794.14;7619.30;ambiguo
0000321674;3;7;85345.62;113367.43;ambiguo
0000321675;3;8;173824.74;228579.54;ambiguo
0000321676;3;8;32124.39;42243.59;ambiguo
0000321677;3;4;1850322.60;2467096.80;ambiguo
0000321678;3;8;516551.40;679265.08;ambiguo
0000321679;3;8;243110.10;319689.79;ambiguo
0000321680;3;7;65124.00;86506.38;ambiguo
0000321681;3;5;952291.71;1265467.84;ambiguo
0000321682;3;5;25773.54;34021.08;ambiguo
0000321683;1;4;900.00;3600.00;ambiguo
0000321684;3;7;41580.00;55232.10;ambiguo
0000321685;3;7;126063.00;167453.68;ambiguo
0000321686;3;4;37500.00;50000.00;ambiguo
0000321687;3;4;2850.00;3800.00;ambiguo
0000321688;1;4;880.00;3520.00;ambiguo
0000321689;1;4;1700.00;6800.00;ambiguo
0000321690;2;2;58.00;56.84;ambiguo
0000321692;3;8;53531.28;67270.98;ambiguo
0000321693;3;8;27951.48;35125.70;ambiguo
0000321694;3;8;28308.66;35574.57;ambiguo
0000321695;3;8;24852.30;31231.06;ambiguo
0000321696;3;8;25214.13;31685.75;ambiguo
0000321697;3;9;1593285.57;1949119.36;ambiguo
0000321698;3;9;1897286.07;2321013.29;ambiguo
0000321699;3;4;4285.80;5714.40;ambiguo
0000321700;3;4;803.58;1071.44;ambiguo
0000321701;3;4;5967.45;7956.60;ambiguo
0000321702;3;4;4732.97;1491.88;ambiguo
0000321703;3;4;52743.33;70324.44;ambiguo
0000321704;3;4;9889.38;13185.84;ambiguo
0000321705;3;4;18861.60;25148.80;ambiguo
0000321706;3;4;3536.55;4715.40;ambiguo
0000321707;3;4;56555.73;75407.64;ambiguo
0000321708;3;4;10604.19;14138.92;ambiguo
0000321709;3;4;120149.58;160199.44;ambiguo
0000321710;3;4;22528.05;30037.40;ambiguo
0000321711;3;4;652076.58;869435.44;ambiguo
0000321712;3;4;122264.37;163019.16;ambiguo
0000321713;3;4;431999.97;575999.96;ambiguo
0000321714;3;4;81000.00;108000.00;ambiguo
0000321715;3;4;24537.60;32716.80;ambiguo
0000321716;3;4;4600.80;6134.40;ambiguo
0000321717;3;4;254614.80;339486.40;ambiguo
0000321718;3;4;47740.26;63653.68;ambiguo
0000321719;3;4;1952983.50;2603978.00;ambiguo
0000321720;3;4;366184.41;488245.88;ambiguo
0000321721;3;4;52975.20;70633.60;ambiguo
0000321722;3;4;9932.85;13243.80;ambiguo
0000321723;3;4;282832.02;377109.36;ambiguo
0000321724;3;4;53031.00;70708.00;ambiguo
0000321725;3;4;83999.85;111999.80;ambiguo
0000321726;3;4;15749.97;20999.96;ambiguo
0000321727;3;4;72000.06;96000.08;ambiguo
0000321728;3;4;13500.00;18000.00;ambiguo
0000321729;3;4;84000.03;112000.04;ambiguo
0000321730;3;4;15750.00;21000.00;ambiguo
0000321731;3;4;34383.57;45844.76;ambiguo
0000321732;3;4;6446.91;8595.88;ambiguo
0000321733;3;4;256011.84;341349.12;ambiguo
0000321734;3;4;48002.22;64002.96;ambiguo
0000321735;3;5;180000.00;234000.00;ambiguo
0000321736;3;4;33750.00;45000.00;ambiguo
0000321737;3;4;391512.00;522016.00;ambiguo
0000321738;3;4;73408.50;97878.00;ambiguo
0000321739;3;4;162000.00;216000.00;ambiguo
0000321740;3;4;6480.00;8640.00;ambiguo
0000321741;3;4;172104.18;229472.24;ambiguo
0000321742;3;4;32269.53;43026.04;ambiguo
0000321743;3;4;17158.17;22877.56;ambiguo
0000321744;3;5;553500.00;719550.00;ambiguo
0000321745;3;4;22140.00;29520.00;ambiguo
0000321746;3;4;62407.41;83209.88;ambiguo
0000321747;3;4;11224.14;14965.52;ambiguo
0000321748;3;4;118335.39;157780.52;ambiguo
0000321749;3;4;22187.88;29583.84;ambiguo
0000321750;3;4;18000.00;24000.00;ambiguo
0000321751;1;4;1280.00;5120.00;ambiguo
0000321752;3;4;3375.00;4500.00;ambiguo
0000321753;3;4;99435.84;132581.12;ambiguo
0000321754;3;4;17932.26;23909.68;ambiguo
0000321755;3;4;3510.00;4680.00;ambiguo
0000321756;3;4;140.40;187.20;ambiguo
0000321757;3;4;775020.00;1033360.00;ambiguo
0000321758;3;4;145316.25;193755.00;ambiguo
0000321761;3;8;19120.68;25143.70;ambiguo
0000321762;3;8;173824.74;228579.55;ambiguo
0000321763;7;6;281593.25;346069.70;ambiguo
0000321764;1;4;1385.11;5540.44;ambiguo
0000321765;3;4;49822.62;66430.16;ambiguo
0000321766;3;4;8944.29;11925.72;ambiguo
0000321767;3;8;4504.50;5923.42;ambiguo
0000321768;3;4;5715.63;7620.84;ambiguo
0000321769;1;4;610749.10;2442996.40;ambiguo
0000321770;1;4;14000.00;56000.00;ambiguo
0000321771;3;4;60897.39;81196.52;ambiguo
0000321772;1;4;22250.00;89000.00;ambiguo
0000321773;3;4;60897.39;81196.52;ambiguo
0000321774;3;17;183584.40;733371.36;ambiguo
0000321775;3;5;461020.29;612267.30;ambiguo
0000321777;3;5;56996.43;75695.26;ambiguo
0000321778;3;5;31635.03;42013.54;ambiguo
0000321779;3;5;8390.40;11143.04;ambiguo
0000321780;3;5;137112.36;182094.84;ambiguo
0000321782;3;4;2716.53;3622.04;ambiguo
0000321783;4;4;1151760.05;1486142.00;ambiguo
0000321785;3;4;205807.14;274409.52;ambiguo
0000321787;3;8;31954.80;42020.57;ambiguo
0000321789;3;4;144847.83;193130.44;ambiguo
0000321790;3;4;9718598.61;12958131.48;ambiguo
0000321792;4;11;270232.04;479207.20;ambiguo
0000321793;3;4;459.00;612.00;ambiguo
0000321794;3;7;810.00;1080.00;ambiguo
0000321795;7;6;318980.16;392253.34;ambiguo
0000321796;7;6;318980.16;392253.34;ambiguo
0000321797;7;6;318980.16;392253.34;ambiguo
0000321798;7;6;140351.26;172591.46;ambiguo
0000321799;4;11;83190.79;172405.00;ambiguo
0000321800;7;6;318980.16;392253.34;ambiguo
0000321801;7;6;318980.16;392253.34;ambiguo
0000321802;7;6;106326.73;130751.12;ambiguo
0000321803;7;6;316853.63;389638.32;ambiguo
0000321804;7;6;744287.02;915257.78;ambiguo
0000321805;7;6;456516.87;547150.62;ambiguo
0000321806;1;4;717.69;2870.76;ambiguo
0000321807;1;4;124.55;498.20;ambiguo
0000321809;7;6;7594.53;9108.52;ambiguo
0000321811;7;6;1212.72;1453.48;ambiguo
0000321812;10;6;122974.65;143758.24;ambiguo
0000321814;7;6;23462.40;28853.44;ambiguo
0000321815;1;4;350.00;1400.00;ambiguo
0000321816;7;6;23462.40;28853.44;ambiguo
0000321817;7;6;15431.06;18976.70;ambiguo
0000321818;7;6;30153.02;36139.40;ambiguo
0000321819;7;6;5143.68;6325.56;ambiguo
0000321820;7;6;10287.35;12651.12;ambiguo
0000321821;3;5;183584.40;243812.96;ambiguo
0000321822;3;5;125299.47;166406.48;ambiguo
0000321823;3;5;57002.85;75703.78;ambiguo
0000321824;3;5;40960.53;54398.46;ambiguo
0000321825;3;4;57491.10;76654.80;ambiguo
0000321826;3;5;30469.65;40465.84;ambiguo
0000321827;3;5;539709.45;716772.02;ambiguo
0000321828;3;5;970987.89;1289540.06;ambiguo
0000321829;3;5;227998.59;302798.12;ambiguo
0000321835;3;4;12309.00;16412.00;ambiguo
0000321836;3;4;10950.00;14600.00;ambiguo
0000321837;3;8;10138.71;13332.41;ambiguo
0000321838;3;8;254948.28;335256.99;ambiguo
0000321839;3;4;128802.03;171736.04;ambiguo
0000321840;7;10;283486.82;652433.20;ambiguo
0000321841;3;4;111334.77;148446.36;ambiguo
0000321844;3;5;225531.90;299522.18;ambiguo
0000321845;3;5;54011.22;71730.68;ambiguo
0000321846;1;4;2271.00;9084.00;ambiguo
0000321847;3;7;33600.00;44632.01;ambiguo
0000321848;3;7;45360.00;60253.20;ambiguo
0000321849;7;4;114038.33;142325.56;ambiguo
0000321850;3;4;3600.00;4800.00;ambiguo
0000321851;3;4;5400.00;7200.00;ambiguo
0000321852;3;4;15000.00;20000.00;ambiguo
0000321855;3;4;1694.58;2259.44;ambiguo
0000321856;3;5;6249.60;8299.90;ambiguo
0000321857;3;5;6976.80;9265.68;ambiguo
0000321858;3;5;2144.91;2848.60;ambiguo
0000321859;3;5;4809.39;6387.20;ambiguo
0000321860;3;5;701738.37;931957.80;ambiguo
0000321861;3;4;106188.00;141584.00;ambiguo
0000321862;3;4;159282.03;212376.04;ambiguo
0000321863;1;4;498.24;1992.96;ambiguo
0000321864;7;6;9182.02;11008.06;ambiguo
0000321866;6;6;504040.95;621650.50;ambiguo
0000321867;3;5;101400.00;133848.00;ambiguo
0000321870;3;4;38513.01;51350.68;ambiguo
0000321871;3;4;4425.00;5900.00;ambiguo
0000321872;1;4;215.95;863.80;ambiguo
0000321873;3;7;225000.00;297750.00;ambiguo
0000321874;4;4;531825.89;686226.96;ambiguo
0000321875;3;4;4500.00;6000.00;ambiguo
0000321876;3;10;300000.00;800000.00;ambiguo
0000321877;3;4;141666.66;188888.88;ambiguo
0000321878;3;4;85963.41;114617.88;ambiguo
0000321879;3;4;92305.44;123073.92;ambiguo
0000321880;3;4;25760.46;34347.28;ambiguo
0000321881;3;4;300000.00;400000.00;ambiguo
0000321882;7;6;30627.53;36718.46;ambiguo
0000321883;3;5;11433.00;15090.80;ambiguo
0000321884;7;6;30627.53;36718.46;ambiguo
0000321885;1;7;4000.00;15940.00;ambiguo
0000321886;7;6;31881.61;39196.38;ambiguo
0000321887;3;4;29489.52;39319.36;ambiguo
0000321888;3;4;29786.40;39715.20;ambiguo
0000321889;3;4;30653.40;40871.20;ambiguo
0000321890;3;4;19492.41;25989.88;ambiguo
0000321891;3;4;22047.78;29397.04;ambiguo
0000321892;3;4;24708.93;32945.24;ambiguo
0000321893;3;8;29272.56;37907.96;ambiguo
0000321894;3;4;30359.16;40478.88;ambiguo
0000321895;3;8;16096.05;21166.30;ambiguo
0000321896;3;4;7200.00;9600.00;ambiguo
0000321897;3;4;3900.00;5200.00;ambiguo
0000321898;3;5;300.30;394.90;ambiguo
0000321899;3;4;59880.00;79840.00;ambiguo
0000321900;3;8;4610.76;6063.15;ambiguo
0000321901;7;9;295380.95;761666.64;ambiguo
0000321902;3;5;4650.00;6138.00;ambiguo
0000321903;3;8;358.05;470.83;ambiguo
0000321904;3;14;5486.25;14529.41;ambiguo
0000321905;3;11;71250.00;189050.00;ambiguo
0000321906;3;4;10724.91;14299.88;ambiguo
0000321907;3;4;360000.00;480000.00;ambiguo
0000321908;4;8;17359.47;44798.64;ambiguo
0000321909;10;10;403.00;904.38;ambiguo
0000321910;3;8;37904.07;49843.86;ambiguo
0000321911;3;7;54000.00;71730.00;ambiguo
0000321912;3;4;450000.00;600000.00;ambiguo
0000321913;1;7;6207.00;24734.89;ambiguo
0000321914;3;4;28500.00;38000.00;ambiguo
0000321915;7;6;229320.78;274939.20;ambiguo
0000321916;7;6;52800.04;64932.08;ambiguo
0000321917;7;6;27984.00;34413.98;ambiguo
0000321918;7;6;37454.94;45385.96;ambiguo
0000321919;4;4;144245.79;186123.60;ambiguo
0000321920;6;13;24145.53;73862.65;ambiguo
0000321921;3;8;26758.89;35187.95;ambiguo
0000321922;3;8;38801.58;51024.07;ambiguo
0000321923;3;8;10484.85;13787.59;ambiguo
0000321924;3;8;24127.56;31727.74;ambiguo
0000321925;3;4;19733.19;26310.92;ambiguo
0000321926;3;5;147540.00;194752.80;ambiguo
0000321927;3;8;11360.58;14939.17;ambiguo
0000321928;3;7;945.00;1255.27;ambiguo
0000321930;3;5;7800.00;10296.00;ambiguo
0000321931;3;8;600.60;789.80;ambiguo
0000321933;3;4;28080.00;37440.00;ambiguo
0000321934;3;8;2162.16;2843.25;ambiguo
0000321935;3;5;53400.00;70488.00;ambiguo
0000321936;3;8;4111.80;5407.02;ambiguo
0000321937;3;5;10696.62;14119.54;ambiguo
0000321938;3;4;19707.72;26276.96;ambiguo
0000321939;3;4;4839.30;6452.40;ambiguo
0000321940;3;4;1446.30;1928.40;ambiguo
0000321941;10;17;39773.69;177832.24;ambiguo
0000321942;3;5;100.17;132.22;ambiguo
0000321943;3;4;1699.83;2266.44;ambiguo
0000321944;3;5;22648.95;30079.40;ambiguo
0000321945;3;5;733.59;974.26;ambiguo
0000321946;3;5;1112092.80;1476937.28;ambiguo
0000321947;3;5;6150.66;8118.46;ambiguo
0000321948;3;5;5455.53;7245.32;ambiguo
0000321949;3;4;765.00;1020.00;ambiguo
0000321950;3;4;255000.00;340000.00;ambiguo
0000321951;3;4;372.00;496.00;ambiguo
0000321952;3;4;765.00;1020.00;ambiguo
0000321953;3;23;484095.51;2565706.20;ambiguo
0000321954;3;17;86184.00;343314.72;ambiguo
0000321955;3;5;48000.00;62400.00;ambiguo
0000321957;3;5;54000.00;70200.00;ambiguo
0000321958;3;4;2667.00;3556.00;ambiguo
0000321959;3;4;330000.00;440000.00;ambiguo
0000321960;3;5;510832.59;678421.52;ambiguo
0000321961;3;5;105153.45;139651.16;ambiguo
0000321962;3;5;141645.00;188114.50;ambiguo
0000321964;3;5;37440.00;48672.00;ambiguo
0000321965;3;4;1026.15;1368.20;ambiguo
0000321967;3;8;496126.56;652406.43;ambiguo
0000321968;1;4;1489.20;5956.80;ambiguo
0000321969;3;4;22800.00;30400.00;ambiguo
0000321970;3;7;7824.06;10392.96;ambiguo
0000321971;7;6;21994.97;27041.38;ambiguo
0000321972;3;4;6447.42;8596.56;ambiguo
0000321973;7;6;13804.28;16549.56;ambiguo
0000321974;3;7;23061.93;30633.93;ambiguo
0000321975;1;7;6147.00;24495.79;ambiguo
0000321976;7;6;27233.01;32648.86;ambiguo
0000321977;7;6;60150.56;73951.22;ambiguo
0000321978;10;8;43389.12;51865.58;ambiguo
0000321980;1;4;1015.00;4060.00;ambiguo
0000321981;10;8;15826.58;19303.60;ambiguo
0000321983;7;6;42226.86;51909.20;ambiguo
0000321984;3;4;619178.91;825571.88;ambiguo
0000321985;3;4;44951.16;59934.88;ambiguo
0000321986;3;4;61750.08;82333.44;ambiguo
0000321987;3;4;11730.66;15640.88;ambiguo
0000321988;7;6;9343.74;11486.20;ambiguo
0000321989;3;4;35998.20;47997.60;ambiguo
0000321990;3;4;41907.00;55876.00;ambiguo
0000321991;1;4;300.00;1200.00;ambiguo
0000321992;3;8;3226.83;4243.30;ambiguo
0000321993;3;8;42393.75;113050.00;ambiguo
0000321994;3;4;35999.88;47999.84;ambiguo
0000321995;3;4;35999.91;47999.88;ambiguo
0000321996;1;6;102960.00;411840.00;ambiguo
0000321997;3;8;23783.76;31275.65;ambiguo
0000321998;3;4;71657.10;95542.80;ambiguo
0000321999;3;4;36121.32;48161.76;ambiguo
0000322000;1;4;1800.00;7200.00;ambiguo
0000322001;3;4;6701.97;8935.96;ambiguo
0000322002;3;4;30000.00;40000.00;ambiguo
0000322003;3;4;162604.32;216805.76;ambiguo
0000322004;3;8;2310.00;3037.65;ambiguo
0000322005;3;11;30000.00;79536.00;ambiguo
0000322006;3;4;9000.00;12000.00;ambiguo
0000322007;3;4;350342.40;467123.20;ambiguo
0000322008;3;8;693.00;911.29;ambiguo
0000322009;6;6;75611.49;100635.32;ambiguo
0000322011;7;6;133210.07;163773.16;ambiguo
0000322012;3;8;85228.74;112075.80;ambiguo
0000322013;3;4;60000.00;80000.00;ambiguo
0000322014;7;4;5491.36;6853.52;ambiguo
0000322015;3;4;88303.47;117737.96;ambiguo
0000322016;3;4;247680.12;330240.16;ambiguo
0000322017;3;8;61445.64;80801.01;ambiguo
0000322018;3;8;56982.90;74932.52;ambiguo
0000322019;3;8;58814.76;77341.41;ambiguo
0000322020;3;8;89667.30;117912.50;ambiguo
0000322021;3;5;48450.00;64345.00;ambiguo
0000322022;3;5;513000.00;666900.00;ambiguo
0000322023;3;5;109030.11;144799.64;ambiguo
0000322024;3;5;78122.61;103752.30;ambiguo
0000322025;3;5;265951.17;353201.82;ambiguo
0000322026;3;4;21230.55;28307.40;ambiguo
0000322027;3;7;13320.00;17693.40;ambiguo
0000322028;6;13;58670.00;217939.65;ambiguo
0000322029;3;7;40425.00;53697.87;ambiguo
0000322031;3;7;4070.40;5406.85;ambiguo
0000322032;3;4;108604.89;144806.52;ambiguo
0000322033;7;6;2664.21;3275.48;ambiguo
0000322034;3;4;39576.00;52768.00;ambiguo
0000322035;3;4;108604.89;144806.52;ambiguo
0000322036;3;7;111728.67;148412.92;ambiguo
0000322037;3;4;108604.89;144806.52;ambiguo
0000322038;3;4;104183.82;138911.76;ambiguo
0000322041;3;4;22877.04;30502.72;ambiguo
0000322042;3;4;30000.00;40000.00;ambiguo
0000322043;3;4;108604.89;144806.52;ambiguo
0000322044;3;4;1446.30;1928.40;ambiguo
0000322046;3;5;49843.02;66195.02;ambiguo
0000322047;3;4;108604.89;144806.52;ambiguo
0000322048;3;5;21945.00;29144.50;ambiguo
0000322049;3;4;765.00;1020.00;ambiguo
0000322050;3;5;356962.50;474071.24;ambiguo
0000322051;3;4;108604.89;144806.52;ambiguo
0000322052;3;5;338081.55;448996.02;ambiguo
0000322053;3;4;108604.89;144806.52;ambiguo
0000322054;3;5;141645.00;188114.50;ambiguo
0000322055;3;4;108604.89;144806.52;ambiguo
0000322056;3;5;103968.78;138161.06;ambiguo
0000322057;3;5;27471.87;36484.58;ambiguo
0000322058;3;4;108604.89;144806.52;ambiguo
0000322059;3;4;839232.99;1118977.32;ambiguo
0000322060;3;4;108604.89;144806.52;ambiguo
0000322061;3;8;309980.79;407624.74;ambiguo
0000322062;3;4;108604.89;144806.52;ambiguo
0000322063;3;8;109298.64;143727.71;ambiguo
0000322064;3;4;108604.89;144806.52;ambiguo
0000322065;3;5;330267.18;429347.34;ambiguo
0000322067;3;4;108604.89;144806.52;ambiguo
0000322068;3;4;199956.42;266608.56;ambiguo
0000322069;3;4;108604.89;144806.52;ambiguo
0000322070;3;4;88419.84;117893.12;ambiguo
0000322071;3;7;120000.00;159400.00;ambiguo
0000322072;3;4;108604.89;144806.52;ambiguo
0000322073;10;18;21163.64;74137.92;ambiguo
0000322074;3;7;15120.00;20084.40;ambiguo
0000322075;3;7;235904.04;313359.20;ambiguo
0000322076;3;7;225000.00;298875.00;ambiguo
0000322077;1;4;1025.00;4100.00;ambiguo
0000322078;3;4;270000.00;360000.00;ambiguo
0000322079;3;5;679487.31;883333.50;ambiguo
0000322080;3;4;67505.40;90007.20;ambiguo
0000322081;1;4;134.00;536.00;ambiguo
0000322082;3;5;10968.45;14326.26;ambiguo
0000322083;3;8;97081.08;127661.61;ambiguo
0000322084;3;8;185144.70;243465.28;ambiguo
0000322085;4;4;2799463.77;3612211.32;ambiguo
0000322087;3;4;105585.12;140780.16;ambiguo
0000322088;3;4;121017.72;161356.96;ambiguo
0000322089;3;4;20760.00;27680.00;ambiguo
0000322090;3;7;49977.21;66386.39;ambiguo
0000322092;3;4;5085.00;6780.00;ambiguo
0000322093;3;5;50360.19;66881.86;ambiguo
0000322094;3;5;1308066.06;1737203.52;ambiguo
0000322095;3;5;28500.00;37850.00;ambiguo
0000322096;4;11;45635.85;88982.03;ambiguo
0000322097;3;8;10257.75;13488.93;ambiguo
0000322098;3;8;49976.79;65719.48;ambiguo
0000322099;3;4;7680.00;10240.00;ambiguo
0000322100;3;8;3377.19;4373.45;ambiguo
0000322101;3;8;178345.08;234523.78;ambiguo
0000322103;3;8;107090.73;140824.32;ambiguo
0000322107;3;8;933.54;1227.61;ambiguo
0000322108;3;8;6438.33;8466.41;ambiguo
0000322109;3;4;264.09;352.12;ambiguo
0000322110;3;8;4827.81;6348.57;ambiguo
0000322111;3;8;27585.36;36274.75;ambiguo
0000322112;3;8;99584.73;130953.93;ambiguo
0000322113;3;8;111376.77;146460.47;ambiguo
0000322115;3;8;23949.24;31493.26;ambiguo
0000322116;3;8;118811.82;156237.54;ambiguo
0000322117;3;8;5022.30;6604.33;ambiguo
0000322118;3;9;750000.00;1975000.00;ambiguo
0000322119;1;2;6336.52;12673.04;ambiguo
0000322120;3;7;24554.88;32617.07;ambiguo
0000322121;3;7;74925.00;99525.37;ambiguo
0000322122;3;7;17280.00;22953.61;ambiguo
0000322123;10;7;947872.88;1165426.88;ambiguo
0000322126;7;6;282704.87;339062.56;ambiguo
0000322127;3;4;264.09;352.12;ambiguo
0000322128;8;17;386259.56;1158067.14;ambiguo
0000322129;3;4;210000.00;280000.00;ambiguo
0000322130;3;8;90492.12;118997.14;ambiguo
0000322131;3;4;106188.00;141584.00;ambiguo
0000322132;3;4;159282.03;212376.04;ambiguo
0000322133;3;7;12000.00;15940.00;ambiguo
0000322134;6;6;1694145.57;2258680.76;ambiguo
0000322135;3;4;572810.28;763747.04;ambiguo
0000322137;3;5;132822.51;173457.34;ambiguo
0000322138;3;4;81259.50;108346.00;ambiguo
0000322139;3;4;9900.00;13200.00;ambiguo
0000322140;3;4;22500.00;30000.00;ambiguo
0000322141;5;11;14643.11;34695.20;ambiguo
0000322142;4;9;8304.17;16490.29;ambiguo
0000322143;3;7;6249.12;8300.92;ambiguo
0000322144;4;9;11526.15;29329.88;ambiguo
0000322145;4;9;35308.80;69732.80;ambiguo
0000322146;3;7;6249.12;8300.92;ambiguo
0000322147;3;7;3683.07;4892.35;ambiguo
0000322148;3;5;55224.00;71791.20;ambiguo
0000322149;1;4;155.97;623.88;ambiguo
0000322150;7;6;271747.66;334042.76;ambiguo
0000322151;3;4;609829.05;813105.40;ambiguo
0000322152;3;7;26350.62;35002.41;ambiguo
0000322153;3;7;55750.47;74055.22;ambiguo
0000322155;3;4;18900.00;25200.00;ambiguo
0000322156;3;8;67459.65;88709.45;ambiguo
0000322157;3;5;35549.64;46925.52;ambiguo
0000322158;3;4;25226.91;33635.88;ambiguo
0000322159;3;4;46914.27;62552.36;ambiguo
0000322160;3;8;67666.95;88982.05;ambiguo
0000322162;3;8;70317.36;92467.33;ambiguo
0000322163;3;4;1590.00;2120.00;ambiguo
0000322164;1;4;1579.42;6317.68;ambiguo
0000322165;3;8;41110.74;54060.64;ambiguo
0000322166;4;4;4246930.84;5479910.76;ambiguo
0000322167;3;7;46256.13;61443.56;ambiguo
0000322168;3;7;554516.55;736582.82;ambiguo
0000322170;3;7;12933.00;17179.33;ambiguo
0000322172;3;7;38624.97;51306.84;ambiguo
0000322173;3;8;261109.68;343359.24;ambiguo
0000322174;3;8;90323.49;118775.39;ambiguo
0000322175;3;8;53531.28;67270.99;ambiguo
0000322176;3;8;27951.48;35125.70;ambiguo
0000322177;3;8;26484.00;33281.57;ambiguo
0000322178;3;8;25680.54;32271.88;ambiguo
0000322179;3;8;25214.13;31685.75;ambiguo
0000322180;3;9;1602351.45;1960209.94;ambiguo
0000322181;3;9;1912124.13;2339165.17;ambiguo
0000322182;3;8;194512.80;252218.26;ambiguo
0000322183;3;4;1230000.00;1640000.00;ambiguo
0000322184;3;8;94710.00;124543.65;ambiguo
0000322185;3;7;162540.12;215907.46;ambiguo
0000322186;3;7;107068.23;142222.30;ambiguo
0000322187;3;7;65016.06;86363.01;ambiguo
0000322188;3;7;42827.40;56889.06;ambiguo
0000322189;3;4;163.38;217.84;ambiguo
0000322190;3;11;338463.00;438873.69;ambiguo
0000322191;1;4;1016.00;4064.00;ambiguo
0000322192;1;4;719.00;2876.00;ambiguo
0000322193;7;6;33866.48;40617.82;ambiguo
0000322194;3;7;19317.60;25660.21;ambiguo
0000322195;4;4;927118.40;1196281.80;ambiguo
0000322196;4;6;7050.51;26257.08;ambiguo
0000322197;3;4;2433.69;3244.92;ambiguo
0000322198;1;4;5500.00;22000.00;ambiguo
0000322199;3;4;58172.82;77563.76;ambiguo
0000322200;6;5;2972082.36;3962506.48;ambiguo
0000322201;3;5;895.50;1182.06;ambiguo
0000322202;3;4;84000.00;112000.00;ambiguo
0000322203;3;4;79366.38;105821.84;ambiguo
0000322204;3;4;79366.38;105821.84;ambiguo
0000322205;3;4;79366.38;105821.84;ambiguo
0000322206;3;4;79366.38;105821.84;ambiguo
0000322207;3;4;79366.38;105821.84;ambiguo
0000322208;3;4;79366.38;105821.84;ambiguo
0000322209;3;4;79366.38;105821.84;ambiguo
0000322210;3;4;79366.38;105821.84;ambiguo
0000322211;3;4;79366.38;105821.84;ambiguo
0000322212;3;4;79366.38;105821.84;ambiguo
0000322213;3;4;79366.38;105821.84;ambiguo
0000322214;3;4;79366.38;105821.84;ambiguo
0000322215;3;8;742.35;961.35;ambiguo
0000322216;1;4;4132.44;16529.76;ambiguo
0000322217;6;6;105915.69;130580.30;ambiguo
0000322218;1;4;41.17;164.68;ambiguo
0000322219;3;7;68463.00;90941.68;ambiguo
0000322220;1;4;57571.75;230287.00;ambiguo
0000322221;1;4;1316313.70;5265254.80;ambiguo
0000322222;3;4;125496.24;167328.32;ambiguo
0000322223;3;4;111346.47;148461.96;ambiguo
0000322224;3;4;12309.00;16412.00;ambiguo
0000322225;3;4;778513.89;1038018.52;ambiguo
0000322226;3;4;81432.00;108576.00;ambiguo
0000322227;3;5;338081.55;448996.02;ambiguo
0000322228;3;4;67741.68;90322.24;ambiguo
0000322229;1;4;362.94;1451.76;ambiguo
0000322230;7;6;1134365.54;1463529.08;ambiguo
0000322231;4;4;1403904.44;1811489.60;ambiguo
0000322232;1;4;1048.66;4194.64;ambiguo
0000322233;3;7;37285.65;49527.77;ambiguo
0000322234;3;7;670572.66;890744.02;ambiguo
0000322235;3;4;429689.91;572919.88;ambiguo
0000322236;3;8;1236150.00;1625537.25;ambiguo
0000322237;1;4;281.89;1127.56;ambiguo
0000322238;3;4;68756.82;91675.76;ambiguo
0000322239;3;11;209140.08;271184.97;ambiguo
0000322240;7;6;424805.22;483518.14;ambiguo
0000322241;1;4;610749.10;2442996.40;ambiguo
0000322242;3;7;23843.10;31671.58;ambiguo
0000322243;3;7;48367.44;64248.09;ambiguo
0000322244;3;7;244479.15;324749.80;ambiguo
0000322245;3;8;96594.48;257666.56;ambiguo
0000322246;1;12;100000.00;794500.00;ambiguo
0000322247;7;6;32884.19;39439.70;ambiguo
0000322248;1;8;37068.75;146236.21;ambiguo
0000322249;7;6;34799.55;39514.56;ambiguo
0000322251;7;6;23427.58;28800.32;ambiguo
0000322252;1;8;7695.70;61565.60;ambiguo
0000322254;7;6;15408.11;18941.72;ambiguo
0000322255;7;6;10272.09;12627.84;ambiguo
0000322256;7;6;31078.46;37254.60;ambiguo
0000322257;9;10;175750.22;516965.66;ambiguo
0000322258;7;6;14007.53;16791.22;ambiguo
0000322259;7;6;32348.08;39766.60;ambiguo
0000322260;10;6;138797.90;162027.84;ambiguo
0000322261;1;4;44640.00;178560.00;ambiguo
0000322262;3;4;6036.00;8048.00;ambiguo
0000322263;3;5;101400.00;133848.00;ambiguo
0000322264;4;4;44237.47;57080.60;ambiguo
0000322265;3;4;22566.15;30088.20;ambiguo
0000322266;3;4;16290.00;21720.00;ambiguo
0000322267;3;4;24068.67;32091.56;ambiguo
0000322268;3;4;24265.05;32353.40;ambiguo
0000322269;3;6;5593.80;11187.60;ambiguo
0000322270;1;4;13900.00;55600.00;ambiguo
0000322271;6;6;489339.06;602741.24;ambiguo
0000322272;6;5;20316.15;26818.20;ambiguo
0000322273;4;8;39321.30;101506.36;ambiguo
0000322274;3;4;55.44;73.92;ambiguo
0000322275;3;4;1697.19;2262.92;ambiguo
0000322276;3;4;29058601.59;38744802.12;ambiguo
0000322277;4;4;842659.64;1087302.76;ambiguo
0000322278;3;4;407812.50;543750.00;ambiguo
0000322279;3;4;24000.00;32000.00;ambiguo
0000322280;1;2;141.00;282.00;ambiguo
0000322281;1;4;1157.20;4628.80;ambiguo
0000322282;3;4;28500.00;38000.00;ambiguo
0000322285;1;2;147156.02;294312.04;ambiguo
0000322286;1;2;4000.00;8000.00;ambiguo
0000322287;1;2;21179.63;42359.26;ambiguo
0000322288;1;2;43236.93;86473.86;ambiguo
0000322289;1;2;43236.93;86473.86;ambiguo
0000322291;2;3;7622.00;7622.00;forte_grupo
0000322292;1;2;12837.67;25675.34;ambiguo
0000322293;3;4;764173.80;1018898.40;ambiguo
0000322294;1;2;6357.74;12715.48;ambiguo
0000322295;4;6;152725.38;1056231.60;ambiguo
0000322296;4;6;114544.04;792173.70;ambiguo
0000322297;3;4;21696.81;28929.08;ambiguo
0000322298;1;2;75000.00;150000.00;ambiguo
0000322299;1;2;19163.70;38327.40;ambiguo
0000322300;7;6;147400.34;176784.86;ambiguo
0000322301;1;2;5040.00;10080.00;ambiguo
0000322302;1;2;1475.00;2950.00;ambiguo
0000322303;1;2;1695.00;3390.00;ambiguo
0000322304;9;16;18065.00;63220.00;ambiguo
0000322305;1;2;482.10;964.20;ambiguo
0000322306;3;4;611339.04;815118.72;ambiguo
0000322307;1;3;34923.54;69847.08;ambiguo
0000322308;1;2;18583.49;37166.98;ambiguo
0000322309;10;7;152774.50;182976.68;ambiguo
0000322310;1;3;3419.15;6838.30;ambiguo
0000322311;1;4;638.00;2552.00;ambiguo
0000322312;1;3;34698.74;69397.48;ambiguo
0000322314;1;10;4359.35;34874.80;ambiguo
0000322315;1;4;470.00;1880.00;ambiguo
0000322316;1;4;16721.13;66884.52;ambiguo
0000322317;1;2;9900.00;19800.00;ambiguo
0000322318;1;2;29800.00;59600.00;ambiguo
0000322319;1;3;2294.60;4589.20;ambiguo
0000322320;1;2;184838.85;369677.70;ambiguo
0000322321;5;8;122694.34;306735.84;ambiguo
0000322322;1;3;762.30;1524.60;ambiguo
0000322323;1;2;7440.00;14880.00;ambiguo
0000322324;1;3;572.88;1145.76;ambiguo
0000322326;1;3;8042.52;16085.04;ambiguo
0000322328;1;3;6422.33;12844.66;ambiguo
0000322329;1;3;13527.20;27054.40;ambiguo
0000322330;1;3;3200.00;6400.00;ambiguo
0000322331;1;3;246.40;492.80;ambiguo
0000322332;1;3;6333.60;12667.20;ambiguo
0000322333;1;3;487.69;975.38;ambiguo
0000322334;1;2;21428.00;42856.00;ambiguo
0000322335;1;3;1649.96;3299.92;ambiguo
0000322336;1;2;3120.00;6240.00;ambiguo
0000322337;1;3;240.24;480.48;ambiguo
0000322338;1;3;6670.00;13340.00;ambiguo
0000322339;1;3;513.59;1027.18;ambiguo
0000322340;1;2;1875.00;3750.00;ambiguo
0000322341;1;3;144.38;288.76;ambiguo
0000322342;1;3;7800.00;15600.00;ambiguo
0000322343;1;3;600.60;1201.20;ambiguo
0000322344;1;2;109660.00;219320.00;ambiguo
0000322345;1;3;8443.82;16887.64;ambiguo
0000322346;1;2;164600.00;329200.00;ambiguo
0000322347;1;3;12674.20;25348.40;ambiguo
0000322348;1;3;74000.00;148000.00;ambiguo
0000322349;1;3;5698.00;11396.00;ambiguo
0000322350;3;4;172500.00;230000.00;ambiguo
0000322351;3;4;757723.29;1010297.72;ambiguo
0000322352;1;2;5440.00;10880.00;ambiguo
0000322353;1;3;103326.93;206653.86;ambiguo
0000322354;1;3;418.88;837.76;ambiguo
0000322355;1;2;1990.00;3980.00;ambiguo
0000322356;1;3;153.23;306.46;ambiguo
0000322357;1;2;21300.00;42600.00;ambiguo
0000322358;1;3;1640.10;3280.20;ambiguo
0000322359;1;2;30000.00;60000.00;ambiguo
0000322360;1;3;2310.00;4620.00;ambiguo
0000322365;1;3;14925.00;29850.00;ambiguo
0000322366;1;3;1149.23;2298.46;ambiguo
0000322367;1;3;4875.00;9750.00;ambiguo
0000322368;1;3;375.38;750.76;ambiguo
0000322369;1;3;5175.00;10350.00;ambiguo
0000322370;1;3;398.48;796.96;ambiguo
0000322371;1;3;34200.00;68400.00;ambiguo
0000322372;1;3;2633.40;5266.80;ambiguo
0000322373;1;3;23925.00;47850.00;ambiguo
0000322374;1;3;1842.23;3684.46;ambiguo
0000322375;1;3;11250.00;22500.00;ambiguo
0000322376;1;3;866.25;1732.50;ambiguo
0000322377;1;3;3900.00;7800.00;ambiguo
0000322378;1;3;300.30;600.60;ambiguo
0000322379;1;2;81493.05;162986.10;ambiguo
0000322380;1;2;1356.80;2713.60;ambiguo
0000322381;1;2;28638.72;57277.44;ambiguo
0000322383;3;4;129029.16;172038.88;ambiguo
0000322384;3;4;129029.16;172038.88;ambiguo
0000322385;3;4;129029.16;172038.88;ambiguo
0000322386;3;4;129029.16;172038.88;ambiguo
0000322387;3;4;129029.16;172038.88;ambiguo
0000322388;3;4;129029.16;172038.88;ambiguo
0000322389;3;4;129029.16;172038.88;ambiguo
0000322390;3;4;129029.16;172038.88;ambiguo
0000322391;3;4;129029.16;172038.88;ambiguo
0000322392;3;4;129029.16;172038.88;ambiguo
0000322393;3;4;129029.16;172038.88;ambiguo
0000322394;3;4;129029.16;172038.88;ambiguo
0000322395;3;4;129029.16;172038.88;ambiguo
0000322396;3;4;129029.16;172038.88;ambiguo
0000322397;3;4;129029.16;172038.88;ambiguo
0000322398;3;4;129029.16;172038.88;ambiguo
0000322399;3;4;129029.16;172038.88;ambiguo
0000322400;3;4;129029.16;172038.88;ambiguo
0000322401;3;4;129029.16;172038.88;ambiguo
0000322402;3;4;129029.16;172038.88;ambiguo
0000322403;3;4;129029.16;172038.88;ambiguo
0000322404;3;4;129029.16;172038.88;ambiguo
0000322405;3;4;129029.16;172038.88;ambiguo
0000322406;3;4;129029.16;172038.88;ambiguo
0000322407;3;4;129029.16;172038.88;ambiguo
0000322408;3;4;129029.16;172038.88;ambiguo
0000322409;3;4;129029.16;172038.88;ambiguo
0000322410;3;4;129029.16;172038.88;ambiguo
0000322411;3;4;129029.16;172038.88;ambiguo
0000322412;3;4;129029.16;172038.88;ambiguo
0000322413;3;4;129029.16;172038.88;ambiguo
0000322414;3;4;129029.16;172038.88;ambiguo
0000322415;3;4;129029.16;172038.88;ambiguo
0000322416;3;4;129029.16;172038.88;ambiguo
0000322417;3;4;129029.16;172038.88;ambiguo
0000322418;3;4;129029.16;172038.88;ambiguo
0000322419;3;4;129029.16;172038.88;ambiguo
0000322420;10;6;401.54;468.74;ambiguo
0000322421;3;4;58350.00;77800.00;ambiguo
0000322422;1;3;28409.58;56819.16;ambiguo
0000322423;1;3;16286.24;32572.48;ambiguo
0000322424;6;6;5171.88;6715.84;ambiguo
0000322425;1;4;816.00;3264.00;ambiguo
0000322426;1;2;6569.24;13138.48;ambiguo
0000322427;1;3;494460.00;988920.00;ambiguo
0000322428;1;3;33545.46;67090.92;ambiguo
0000322429;1;3;23743.98;47487.96;ambiguo
0000322430;1;3;235.60;471.20;ambiguo
0000322431;1;2;66652.14;133304.28;ambiguo
0000322432;3;4;81805.65;109074.20;ambiguo
0000322434;1;3;2638.89;5277.78;ambiguo
0000322436;1;2;157.59;315.18;ambiguo
0000322437;1;3;2111.11;4222.22;ambiguo
0000322438;1;3;22880.00;45760.00;ambiguo
0000322439;1;2;3800.00;7600.00;ambiguo
0000322440;1;3;10542.55;21085.10;ambiguo
0000322443;3;4;15300.00;20400.00;ambiguo
0000322444;1;3;51943.84;103887.68;ambiguo
0000322445;1;3;6424.60;12849.20;ambiguo
0000322446;1;9;9226.68;55360.08;ambiguo
0000322447;1;2;37242.89;74485.78;ambiguo
0000322449;1;2;40000.00;80000.00;ambiguo
0000322450;1;2;2949.07;5898.14;ambiguo
0000322451;1;2;3300.00;6600.00;ambiguo
0000322452;1;2;7500.00;15000.00;ambiguo
0000322453;1;3;19687.50;39375.00;ambiguo
0000322454;1;3;1515.94;3031.88;ambiguo
0000322455;1;3;27300.00;54600.00;ambiguo
0000322456;1;3;2102.10;4204.20;ambiguo
0000322457;1;3;4900.00;9800.00;ambiguo
0000322458;1;3;377.30;754.60;ambiguo
0000322459;1;3;8919.63;17839.26;ambiguo
0000322460;1;3;3494.95;6989.90;ambiguo
0000322461;1;2;27207.99;54415.98;ambiguo
0000322462;1;2;72041.93;144083.86;ambiguo
0000322463;1;2;13192.00;26384.00;ambiguo
0000322464;1;2;15252.49;30504.98;ambiguo
0000322465;1;3;32000.00;64000.00;ambiguo
0000322466;1;2;88707.87;177415.74;ambiguo
0000322467;1;2;29473.10;58946.20;ambiguo
0000322469;1;4;948.00;3792.00;ambiguo
0000322470;1;2;19425.42;38850.84;ambiguo
0000322471;1;4;890.00;3560.00;ambiguo
0000322472;1;2;12827.66;25655.32;ambiguo
0000322473;1;4;2437.66;9750.64;ambiguo
0000322474;1;2;15656.24;31312.48;ambiguo
0000322475;1;4;995.00;3980.00;ambiguo
0000322476;9;8;302302.65;372686.94;ambiguo
0000322477;1;4;896.00;3584.00;ambiguo
0000322478;1;2;68858.73;137717.46;ambiguo
0000322479;1;2;11873.76;23747.52;ambiguo
0000322480;2;6;22555.65;45111.30;ambiguo
0000322481;1;2;2844.47;5688.94;ambiguo
0000322482;1;3;6106.01;12212.02;ambiguo
0000322483;1;3;8480.31;16960.62;ambiguo
0000322484;1;3;27600.00;55200.00;ambiguo
0000322485;1;3;2125.20;4250.40;ambiguo
0000322486;1;3;12296.83;24593.66;ambiguo
0000322487;1;3;15000.00;30000.00;ambiguo
0000322488;1;3;1155.00;2310.00;ambiguo
0000322489;1;2;20337.75;40675.50;ambiguo
0000322490;1;3;1566.01;3132.02;ambiguo
0000322491;1;2;10737.88;21475.76;ambiguo
0000322492;1;3;808.00;1616.00;ambiguo
0000322493;1;3;2299.00;4598.00;ambiguo
0000322494;1;3;3458.00;6916.00;ambiguo
0000322495;1;3;122550.00;245100.00;ambiguo
0000322496;1;2;62.00;124.00;ambiguo
0000322497;1;4;291.22;1164.88;ambiguo
0000322498;1;4;132.62;530.48;ambiguo
0000322499;1;4;595.38;2381.52;ambiguo
0000322500;1;3;31777.20;63554.40;ambiguo
0000322501;4;6;7050.51;26257.08;ambiguo
0000322502;1;3;6219.20;12438.40;ambiguo
0000322503;1;3;204897.90;409795.80;ambiguo
0000322504;1;3;39520.00;79040.00;ambiguo
0000322505;1;2;27194.13;54388.26;ambiguo
0000322506;1;3;40107.10;80214.20;ambiguo
0000322507;1;2;2072.00;4144.00;ambiguo
0000322508;1;3;42047.34;84094.68;ambiguo
0000322509;1;3;35804.95;71609.90;ambiguo
0000322510;1;3;31533.47;63066.94;ambiguo
0000322511;1;2;6920.00;13840.00;ambiguo
0000322512;1;2;9432.00;18864.00;ambiguo
0000322513;1;2;6920.00;13840.00;ambiguo
0000322514;3;4;14401.92;19202.56;ambiguo
0000322515;1;2;8226.57;16453.14;ambiguo
0000322516;1;4;1744.70;6978.80;ambiguo
0000322517;1;8;100000.00;394500.00;ambiguo
0000322518;6;12;251398.24;502796.48;ambiguo
0000322519;3;4;141712.08;188949.44;ambiguo
0000322520;10;8;8881.56;10508.30;ambiguo
0000322521;1;2;108156.80;216313.60;ambiguo
0000322522;3;4;59558.28;79411.04;ambiguo
0000322523;1;9;17727.58;106365.48;ambiguo
0000322524;1;2;18459.52;36919.04;ambiguo
0000322525;3;5;118.65;156.62;ambiguo
0000322526;1;3;16525.82;33051.64;ambiguo
0000322527;1;3;17441.76;34883.52;ambiguo
0000322528;1;3;24267.05;48534.10;ambiguo
0000322529;1;3;27647.69;55295.38;ambiguo
0000322530;1;3;275038.37;550076.74;ambiguo
0000322531;1;3;49507.87;99015.74;ambiguo
0000322532;1;3;7275.52;14551.04;ambiguo
0000322533;1;3;3656.15;7312.30;ambiguo
0000322534;1;3;19955.71;39911.42;ambiguo
0000322535;1;3;69519.43;139038.86;ambiguo
0000322536;1;3;59980.00;119960.00;ambiguo
0000322537;1;3;1500.00;3000.00;ambiguo
0000322538;1;3;115.50;231.00;ambiguo
0000322539;1;3;4618.46;9236.92;ambiguo
0000322540;3;5;14851.86;19604.46;ambiguo
0000322541;1;3;15671.31;31342.62;ambiguo
0000322543;1;3;32450.39;64900.78;ambiguo
0000322544;3;4;176356.92;235142.56;ambiguo
0000322545;1;3;9757.52;19515.04;ambiguo
0000322546;1;3;22555.65;45111.30;ambiguo
0000322547;1;3;26945.76;53891.52;ambiguo
0000322548;1;2;4000.00;8000.00;ambiguo
0000322549;1;3;9597.12;19194.24;ambiguo
0000322550;1;2;5366.00;10732.00;ambiguo
0000322551;10;8;30888.87;36902.80;ambiguo
0000322552;1;3;13149.90;26299.80;ambiguo
0000322553;3;4;19188.00;25584.00;ambiguo
0000322554;3;7;15838.98;21039.45;ambiguo
0000322556;1;2;72495.12;144990.24;ambiguo
0000322558;1;9;101694.91;610169.46;ambiguo
0000322559;1;9;8777.10;52662.60;ambiguo
0000322560;1;9;8873.66;53241.96;ambiguo
0000322561;1;9;46541.93;279251.58;ambiguo
0000322562;1;9;34351.23;206107.38;ambiguo
0000322563;1;9;29686.15;178116.90;ambiguo
0000322564;1;9;8777.10;52662.60;ambiguo
0000322565;1;9;8777.10;52662.60;ambiguo
0000322566;1;3;173465.18;346930.36;ambiguo
0000322567;1;9;3218.54;19311.24;ambiguo
0000322568;1;3;24315.99;48631.98;ambiguo
0000322569;1;9;4023.18;24139.08;ambiguo
0000322572;1;3;33280.00;66560.00;ambiguo
0000322573;3;5;22050.00;29106.00;ambiguo
0000322574;1;2;6300.00;12600.00;ambiguo
0000322575;1;3;28142.40;56284.80;ambiguo
0000322576;1;2;84500.00;169000.00;ambiguo
0000322577;1;3;118749.53;237499.06;ambiguo
0000322578;1;4;53.00;212.00;ambiguo
0000322579;1;3;39247.95;78495.90;ambiguo
0000322580;1;3;39247.95;78495.90;ambiguo
0000322581;1;3;26344.96;52689.92;ambiguo
0000322582;1;3;19342.64;38685.28;ambiguo
0000322583;1;3;27442.67;54885.34;ambiguo
0000322584;1;9;15474.11;92844.66;ambiguo
0000322585;1;2;1112740.00;2225480.00;ambiguo
0000322586;1;2;260100.94;520201.88;ambiguo
0000322587;1;2;8875.54;17751.08;ambiguo
0000322588;3;4;127.32;169.76;ambiguo
0000322589;1;2;830.00;1660.00;ambiguo
0000322590;1;2;34874.41;69748.82;ambiguo
0000322591;1;2;13235.07;26470.14;ambiguo
0000322592;1;2;28124.53;56249.06;ambiguo
0000322593;3;4;124413.54;165884.72;ambiguo
0000322594;9;8;294704.33;353379.92;ambiguo
0000322595;3;6;11063.43;22126.86;ambiguo
0000322596;1;2;23441.00;46882.00;ambiguo
0000322597;1;2;499290.00;998580.00;ambiguo
0000322598;1;2;198510.00;397020.00;ambiguo
0000322599;1;2;639600.00;1279200.00;ambiguo
0000322600;7;6;11052.11;13250.32;ambiguo
0000322601;1;6;360.00;2160.00;ambiguo
0000322602;6;8;418098.00;1013570.88;ambiguo
0000322603;10;8;144901.48;173625.18;ambiguo
0000322605;3;4;1091732.19;1455642.92;ambiguo
0000322606;1;2;20597.50;41195.00;ambiguo
0000322607;1;2;20597.50;41195.00;ambiguo
0000322608;3;4;27763.41;37017.88;ambiguo
0000322609;1;4;45.80;183.20;ambiguo
0000322610;1;2;2600.00;5200.00;ambiguo
0000322611;3;4;16890.00;22520.00;ambiguo
0000322612;1;3;17843.76;35687.52;ambiguo
0000322613;1;3;9317.16;18634.32;ambiguo
0000322614;1;3;8425.88;16851.76;ambiguo
0000322615;1;3;8560.18;17120.36;ambiguo
0000322616;1;3;8404.71;16809.42;ambiguo
0000322617;1;4;533626.70;1067253.40;ambiguo
0000322618;1;4;653883.51;1307767.02;ambiguo
0000322619;1;2;3271.72;6543.44;ambiguo
0000322620;1;4;1530706.49;6122825.96;ambiguo
0000322621;1;4;81433.21;325732.84;ambiguo
0000322622;1;4;78696.48;314785.92;ambiguo
0000322623;7;6;122442.06;146835.16;ambiguo
0000322624;1;4;365.20;1460.80;ambiguo
0000322625;3;8;128945.34;343854.24;ambiguo
0000322626;3;8;128945.34;343854.24;ambiguo
0000322627;3;8;128945.34;343854.24;ambiguo
0000322628;3;12;128945.34;515781.36;ambiguo
0000322629;1;4;28314.59;113258.36;ambiguo
0000322630;1;2;4103.23;8206.46;ambiguo
0000322631;1;4;784.51;3138.04;ambiguo
0000322632;1;2;49200.04;98400.08;ambiguo
0000322633;1;2;37125.81;74251.62;ambiguo
0000322634;1;2;1711.92;3423.84;ambiguo
0000322635;1;2;6897.60;13795.20;ambiguo
0000322636;1;2;621.60;1243.20;ambiguo
0000322637;1;2;54479.01;108958.02;ambiguo
0000322638;3;5;22050.00;29106.00;ambiguo
0000322639;3;4;289194.21;385592.28;ambiguo
0000322640;1;3;23660.00;47320.00;ambiguo
0000322661;1;2;961.82;1923.64;ambiguo
0000322662;1;4;2875.10;11500.40;ambiguo
0000322663;1;4;1241.00;4964.00;ambiguo
0000322664;1;4;1082.05;4328.20;ambiguo
0000322665;1;4;2700.00;10800.00;ambiguo
0000322666;1;2;7555.76;15111.52;ambiguo
0000322667;1;3;14385.00;28770.00;ambiguo
0000322668;1;3;3936.20;7872.40;ambiguo
0000322669;1;3;2907.24;5814.48;ambiguo
0000322671;1;2;496.00;992.00;ambiguo
0000322672;1;2;39060.00;78120.00;ambiguo
0000322673;1;2;74400.00;148800.00;ambiguo
0000322676;1;2;19889.93;39779.86;ambiguo
0000322677;1;2;677.80;1355.60;ambiguo
0000322678;8;4;139396.50;165395.84;ambiguo
0000322679;1;2;1500.00;3000.00;ambiguo
0000322682;1;6;81150.00;486900.00;ambiguo
0000322683;1;3;6248.55;12497.10;ambiguo
0000322687;1;2;7407.15;14814.30;ambiguo
0000322688;1;2;5312.89;10625.78;ambiguo
0000322689;1;2;8200.00;16400.00;ambiguo
0000322690;1;2;2343.96;4687.92;ambiguo
0000322691;1;2;232.00;464.00;ambiguo
0000322692;1;2;8391.42;16782.84;ambiguo
0000322697;1;2;1429.00;2858.00;ambiguo
0000322705;1;2;855.00;1710.00;ambiguo
0000322706;1;2;1738.68;3477.36;ambiguo
0000322734;1;2;3910.22;7820.44;ambiguo
0000322739;1;2;303.75;607.50;ambiguo
0000322749;1;2;86.71;173.42;ambiguo
0000322755;1;3;94.03;188.06;ambiguo
0000322774;1;2;1234.00;2468.00;ambiguo
0000322820;1;2;79138.20;158276.40;ambiguo
0000322821;1;2;7913.83;15827.66;ambiguo
0000322871;1;4;169231.50;338463.00;ambiguo
0000322876;1;2;5067.00;10134.00;ambiguo
0000322893;1;3;5966.16;11932.32;ambiguo
0000322902;1;2;5140.59;10281.18;ambiguo
0000322906;1;2;216.10;432.20;ambiguo
0000322924;1;2;81445.90;162891.80;ambiguo
0000323008;1;2;1687.00;3374.00;ambiguo
0000323012;1;2;260.00;520.00;ambiguo
0000323043;1;2;920.00;1840.00;ambiguo
325229AP;3;2;165895.68;110597.12;ambiguo
325707AP;3;2;463139.13;308759.42;ambiguo
325725AP;3;2;2972634.24;1981756.16;ambiguo
325734AP;3;2;1989361.98;1326241.32;ambiguo
325737AP;3;2;1638193.98;1092129.32;ambiguo
325747AP;3;2;664914.45;443276.30;ambiguo
325842AP;3;2;405936.18;270624.12;ambiguo
325844AP;3;2;5006569.83;3337713.22;ambiguo
325847AP;3;2;3115299.48;2076866.32;ambiguo
325851AP;3;2;11827176.96;7884784.64;ambiguo
325897AP;3;2;6910731.69;4607154.46;ambiguo
325913AP;3;2;7926193.80;5284129.20;ambiguo
325934AP;3;2;648403.59;432269.06;ambiguo
325952AP;3;2;757522.11;505014.74;ambiguo
325982AP;3;2;379637.04;253091.36;ambiguo
326003AP;3;2;1456198.23;970798.82;ambiguo
326114AP;3;2;2711585.76;1807723.84;ambiguo
326140AP;3;2;467206.83;311471.22;ambiguo
326155AP;3;2;1166757.06;777838.04;ambiguo
326400AP;3;2;6196285.32;4130856.88;ambiguo
326548AP;3;2;23304.63;15536.42;ambiguo
326578AP;3;2;2610636.45;1740424.30;ambiguo
327026AP;3;2;2328578.85;1552385.90;ambiguo
327091AP;3;2;877923.66;585282.44;ambiguo
327115AP;6;2;1316208.84;876872.56;ambiguo
327151AP;3;2;1900783.50;1267189.00;ambiguo
327158AP;3;2;511445.61;340963.74;ambiguo
327163AP;3;2;900000.00;600000.00;ambiguo
327170AP;3;2;256515.39;171010.26;ambiguo
327171AP;3;2;1852662.15;1235108.10;ambiguo
327185AP;3;2;663340.74;442227.16;ambiguo
327190AP;3;2;1584324.33;1056216.22;ambiguo
327197AP;3;2;200880.18;133920.12;ambiguo
327202AP;3;2;2138371.59;1425581.06;ambiguo
327218AP;3;2;1848331.92;1232221.28;ambiguo
327252AP;3;2;88438.44;58958.96;ambiguo
327272AP;3;2;328102.32;218734.88;ambiguo
327374AP;3;2;1554780.54;1036520.36;ambiguo
327444AP;3;2;767100.87;511400.58;ambiguo
327528AP;3;2;535116.09;356744.06;ambiguo
327566AP;3;2;792983.28;528655.52;ambiguo
327571AP;3;2;41258.85;27505.90;ambiguo
327619AP;3;2;5391165.54;3594110.36;ambiguo
327628AP;3;2;67971.72;45314.48;ambiguo
327635AP;3;2;1724288.46;1149525.64;ambiguo
327639AP;3;2;1713033.81;1142022.54;ambiguo
327695AP;3;2;60746.28;40497.52;ambiguo
327705AP;3;2;202070.52;134713.68;ambiguo
327732AP;3;2;665373.93;443582.62;ambiguo
327739AP;3;2;1318052.82;878701.88;ambiguo
327740AP;3;2;1272375.75;848250.50;ambiguo
327748AP;3;2;388664.46;259109.64;ambiguo
327757AP;3;2;54556.26;36370.84;ambiguo
327829AP;3;2;66954.93;44636.62;ambiguo
327836AP;3;2;2237471.76;1491647.84;ambiguo
327896AP;3;2;111568.32;74378.88;ambiguo
327905AP;3;2;796475.16;530983.44;ambiguo
327930AP;3;2;1481646.99;987764.66;ambiguo
328060AP;3;2;2070219.03;1380146.02;ambiguo
328074AP;3;2;1234648.89;823099.26;ambiguo
328110AP;3;2;957229.65;638153.10;ambiguo
328211AP;6;2;313807.32;72000.12;ambiguo
328212AP;3;2;112218.45;74812.30;ambiguo
328222AP;3;2;837504.36;558336.24;ambiguo
328227AP;3;2;559244.94;372829.96;ambiguo
328249AP;3;2;318781.80;212521.20;ambiguo
328267AP;3;2;829611.36;553074.24;ambiguo
328291AP;3;2;2482572.27;1655048.18;ambiguo
328305AP;3;2;2922539.58;1948359.72;ambiguo
328378AP;3;2;5614437.15;3742958.10;ambiguo
328392AP;3;2;12101.19;8067.46;ambiguo
328396AP;3;2;1473423.81;982282.54;ambiguo
328406AP;3;2;1626713.07;1084475.38;ambiguo
328428AP;3;2;1275598.65;850399.10;ambiguo
328449AP;3;2;1124958.78;749972.52;ambiguo
328462AP;3;2;251077.74;167385.16;ambiguo
328499AP;3;2;814616.10;543077.40;ambiguo
328541AP;3;2;629815.41;419876.94;ambiguo
328560AP;3;2;91796.49;61197.66;ambiguo
328620AP;3;2;1397048.55;931365.70;ambiguo
328698AP;3;2;7858597.11;5239064.74;ambiguo
328707AP;3;2;1864887.99;1243258.66;ambiguo
328708AP;3;2;87476.58;58317.72;ambiguo
328721AP;3;2;99460.20;66306.80;ambiguo
328749AP;3;2;154186.26;102790.84;ambiguo
328775AP;3;2;567464.82;378309.88;ambiguo
328788AP;3;2;3692700.03;2461800.02;ambiguo
328802AP;3;2;2034696.66;1356464.44;ambiguo
328872AP;3;2;141060.57;94040.38;ambiguo
328876AP;3;2;59578.71;39719.14;ambiguo
328893AP;3;2;105107.64;70071.76;ambiguo
328929AP;3;2;3106083.54;2070722.36;ambiguo
328949AP;3;2;182218.02;121478.68;ambiguo
328997AP;3;2;5094805.38;3396536.92;ambiguo
329001AP;3;2;86762.94;57841.96;ambiguo
329008AP;3;2;1073830.26;715886.84;ambiguo
329020AP;3;2;1373341.05;915560.70;ambiguo
329028AP;3;2;1393033.65;928689.10;ambiguo
329031AP;3;2;596718.48;397812.32;ambiguo
329091AP;3;2;928359.27;618906.18;ambiguo
329129AP;3;2;456890.16;304593.44;ambiguo
329187AP;3;2;984031.32;656020.88;ambiguo
329290AP;3;2;12229.77;8153.18;ambiguo
329335AP;3;2;441399.93;294266.62;ambiguo
329341AP;3;2;80121.90;53414.60;ambiguo
329380AP;3;2;3325267.29;2216844.86;ambiguo
329507AP;3;2;650004.21;433336.14;ambiguo
329671AP;3;2;1619442.24;1079628.16;ambiguo
329812AP;3;2;1769467.29;1179644.86;ambiguo
329914AP;3;2;3748646.19;2499097.46;ambiguo
329924AP;3;2;1239437.13;826291.42;ambiguo
330028AP;3;2;28246.17;18830.78;ambiguo
330596AP;3;2;338325.00;225550.00;ambiguo
